source_id,database,platform,strategy_file,strategy_version,status,execution_date_local,execution_time_local,timezone,displayed_hit_count,exported_record_count,raw_export_filename,raw_export_format,raw_export_sha256,search_history_filename,search_history_sha256,query_or_history_id,executor,press_status,notes
PUBMED,PubMed/MEDLINE,NCBI PubMed,search/pubmed_v2_candidate.txt,v2.2,executed_internal_validation,2026-08-02,,America/Sao_Paulo,2629,2629,data/pubmed_v2_validation/pubmed_v2_pmids.csv,CSV,,,,,AI-assisted reproducible pipeline,external_pending,Formal candidate union also preserves 1004-record legacy safety stratum; union 2767 PMIDs.
EUROPEPMC,Europe PMC,Europe PMC REST API,,v1,executed,2026-08-02,,America/Sao_Paulo,1125,1125,data/g2_open_sources/europe_pmc_records.csv,CSV,,,,,AI-assisted reproducible pipeline,not_applicable_as_primary_press,Complementary source; 53 lacked matching PMID in PubMed union.
CTGOV,ClinicalTrials.gov,ClinicalTrials.gov API,,v1,executed,2026-08-02,,America/Sao_Paulo,146,146,data/g2_open_sources/clinicaltrials_gov_records.csv,CSV,,,,,AI-assisted reproducible pipeline,not_applicable_as_primary_press,Additional NCTs were later recovered from publication identifiers.
EMBASE,Embase,Embase.com,search/subscription/embase_com_v1.txt,v1,prepared_not_executed,,,,,,,,,,,,,pending institutional executor,external_pending,Do not mark executed until platform search history and raw export are archived.
SCOPUS,Scopus,Scopus,search/subscription/scopus_v1.txt,v1,prepared_not_executed,,,,,,,,,,,,,pending institutional executor,external_pending,Do not mark executed until exact parsed query and raw export are archived.
WOS,Web of Science Core Collection,Clarivate Web of Science,search/subscription/web_of_science_v1.txt,v1,prepared_not_executed,,,,,,,,,,,,,pending institutional executor,external_pending,Record indexes and all-years timespan used.
CINAHL,CINAHL,EBSCOhost,search/subscription/cinahl_ebsco_v1.txt,v1,prepared_not_executed,,,,,,,,,,,,,pending institutional executor,external_pending,Verify CINAHL Headings before freezing executed version.
CENTRAL,Cochrane CENTRAL,Cochrane Library Search Manager,search/subscription/central_v1.txt,v1,prepared_not_executed,,,,,,,,,,,,,pending institutional executor,external_pending,Confirm MeSH mapping and CENTRAL target count.
LILACS,LILACS,BVS/iAHx,search/manual_exports/lilacs_multilingual_query.txt,v1,manual_export_required,,,,,,,,,,,,,pending browser-assisted executor,external_pending,GitHub-hosted runners return HTTP 403; use only LILACS database filter and preserve screenshot/PDF plus RIS/CSV.
SCIELO,SciELO,SciELO Search,search/manual_exports/scielo_multilingual_query.txt,v1,manual_export_required,,,,,,,,,,,,,pending browser-assisted executor,external_pending,GitHub-hosted runners return HTTP 403; preserve result total and complete export.
