nct_id,brief_title,official_title,study_type,phases,overall_status,start_date,completion_date,conditions,interventions,lead_sponsor,matched_queries,source_url
NCT00001876,Lung Disease Associated With Rheumatoid Arthritis,Pulmonary Fibrosis Associated With Rheumatoid Arthritis: Definition of the Natural History of Disease,OBSERVATIONAL,,COMPLETED,1999-04-05,2007-12-11,Pulmonary Fibrosis,,National Human Genome Research Institute (NHGRI),PF-ILD,https://clinicaltrials.gov/study/NCT00001876
NCT00001884,Specimen Collection for Individuals With Lung Disease Associated With Rheumatoid Arthritis,Specimen Procurement for Individuals With Pulmonary Fibrosis Associated With Rheumatoid Arthritis,OBSERVATIONAL,,COMPLETED,1999-03-21,2007-12-28,Pulmonary Fibrosis; Rheumatoid Arthritis,,"National Heart, Lung, and Blood Institute (NHLBI)",PF-ILD,https://clinicaltrials.gov/study/NCT00001884
NCT00001885,Identification of Genes Associated With Lung Disease in Patients With Rheumatoid Arthritis,Pulmonary Fibrosis Associated With Rheumatoid Arthritis: Identification of Genetic Polymorphisms,OBSERVATIONAL,,COMPLETED,1999-03-21,2007-12-28,Healthy; Pulmonary Fibrosis; Rheumatoid Arthritis,,"National Heart, Lung, and Blood Institute (NHLBI)",PF-ILD,https://clinicaltrials.gov/study/NCT00001885
NCT00080223,Safety Study of Oral Pirfenidone in Patients With Pulmonary Fibrosis/Idiopathic Pulmonary Fibrosis,"An Open-Label, Phase 2 Study of the Safety of Oral Pirfenidone in Patients With Pulmonary Fibrosis/Idiopathic Pulmonary Fibrosis",INTERVENTIONAL,PHASE2,COMPLETED,2003-08-31,2015-04-30,Idiopathic Pulmonary Fibrosis; Pulmonary Fibrosis,DRUG: Pirfenidone,"Genentech, Inc.",PF-ILD,https://clinicaltrials.gov/study/NCT00080223
NCT00162760,Treatment of Idiopathic Pulmonary Fibrosis With Thalidomide,Treatment of Idiopathic Pulmonary Fibrosis With Thalidomide,INTERVENTIONAL,PHASE2,COMPLETED,2003-10,2007-07,Idiopathic Pulmonary Fibrosis (IPF),DRUG: Thalidomide,Johns Hopkins University,"""progressive pulmonary fibrosis""",https://clinicaltrials.gov/study/NCT00162760
NCT00374322,Tykerb Evaluation After Chemotherapy (TEACH): Lapatinib Versus Placebo In Women With Early-Stage Breast Cancer,"A Randomized, Double-blind, Multicenter, Placebo-controlled Study of Adjuvant Lapatinib (GW572016) in Women With Early-Stage ErbB2 Overexpressing Breast Cancer",INTERVENTIONAL,PHASE3,COMPLETED,2006-08,2013-07,"Neoplasms, Breast",DRUG: lapatinib; OTHER: placebo,GlaxoSmithKline,PF-ILD,https://clinicaltrials.gov/study/NCT00374322
NCT00903175,Efficacy and Safety Comparison of RAD001 Versus Sunitinib in the First-line and Second-line Treatment of Patients With Metastatic Renal Cell Carcinoma,"An Open-label, Multicenter Phase II Study to Compare the Efficacy and Safety of RAD001 as First-line Followed by Second-line Sunitinib Versus Sunitinib as First-line Followed by Second-line RAD001 in the Treatment of Patients With Metastatic Renal Cell Carcinoma.",INTERVENTIONAL,PHASE2,COMPLETED,2009-10,2015-05,Renal Cell Carcinoma,DRUG: everolimus; DRUG: sunitinib,Novartis Pharmaceuticals,PF-ILD,https://clinicaltrials.gov/study/NCT00903175
NCT00965731,"Erlotinib Is Being Studied With Or Without An Investigational Drug, PF-02341066, In Patients With Lung Cancer","Phase 1/2, Open Label, Randomized Study Of The Safety, Efficacy, And Pharmacokinetics Of Erlotinib With Or Without Pf 02341066 In Patients With Advanced Non Small Cell Adenocarcinoma Of The Lung.",INTERVENTIONAL,PHASE1,COMPLETED,2010-01,2014-01,Non-Small Cell Lung Cancer,DRUG: Erlotinib; DRUG: Erlotinib; DRUG: PF-02341066,Pfizer,PF-ILD,https://clinicaltrials.gov/study/NCT00965731
NCT01653730,Comparative Study of 3 Portable Oxygen Concentrators During a 6-minute Walk Test in Patients With Chronic Lung Disease,A Comparative Pilot Study of the Efficacy of Three Portable Oxygen Concentrators During a 6-Minute Walk Test in Patients With Chronic Lung Disease,INTERVENTIONAL,NA,COMPLETED,2010-02,2010-08,Chronic Obstructive Lung Disease; Pulmonary Fibrosis,DEVICE: Eclipse 3 portable oxygen concentrator; DEVICE: EverGo portable oxygen concentrator; DEVICE: iGo portable oxygen concentrator,Ottawa Hospital Research Institute,PF-ILD,https://clinicaltrials.gov/study/NCT01653730
NCT01687946,Explorative Study on the Molecular Pathology of Lung Fibrosis by Combination of Clinical Assessment and System Biology,Pilot Investigation on the Combined Use of Established Clinical Criteria and Systems Biology for Progressive Pulmonary Fibrosis,OBSERVATIONAL,,COMPLETED,2010-06,2014-08,Pulmonary Fibrosis,,Medical University of Vienna,"""progressive pulmonary fibrosis""",https://clinicaltrials.gov/study/NCT01687946
NCT01935726,Pulmonary Fibrosis Contact Registry,Pulmonary Fibrosis Contact Registry,OBSERVATIONAL,,COMPLETED,2013-08,2019-03-10,Pulmonary Fibrosis of Any Cause; Primary Supporters/Caretakers of Patients With Pulmonary Fibrosis,,National Jewish Health,PF-ILD,https://clinicaltrials.gov/study/NCT01935726
NCT02136394,The Role of Gastroesophageal Reflux in Scleroderma Pulmonary Fibrosis,Investigation Into the Role of Gastroesophageal Reflux in Pulmonary Fibrosis in Scleroderma,OBSERVATIONAL,,UNKNOWN,2014-02,2017-04,Interstitial Lung Disease; Systemic Sclerosis; Gastroesophageal Reflux,OTHER: Gastro-esophageal reflux,Royal Brompton & Harefield NHS Foundation Trust,PF-ILD,https://clinicaltrials.gov/study/NCT02136394
NCT02511197,68Ga-NOTA-PRGD2 PET/CT in Patients With Lung Injury and Pulmonary Fibrosis,Safety and Diagnostic Performance of 68Ga-NOTA-PRGD2 PET/CT in Patients With Lung Injury and Pulmonary Fibrosis,INTERVENTIONAL,EARLY_PHASE1,UNKNOWN,2015-05,2017-12,"Pulmonary Fibrosis, Unspecified",DRUG: 68Ga-NOTA-PRGD2; DEVICE: PET/CT,Peking Union Medical College Hospital,PF-ILD,https://clinicaltrials.gov/study/NCT02511197
NCT02999178,Efficacy and Safety of Nintedanib in Patients With Progressive Fibrosing Interstitial Lung Disease (PF-ILD),"A Double Blind, Randomized, Placebo-controlled Trial Evaluating the Efficacy and Safety of Nintedanib Over 52 Weeks in Patients With Progressive Fibrosing Interstitial Lung Disease (PF-ILD)",INTERVENTIONAL,PHASE3,COMPLETED,2017-01-17,2019-08-12,"Lung Diseases, Interstitial",DRUG: Nintedanib; DRUG: Placebo,Boehringer Ingelheim,"""progressive fibrosing interstitial lung disease""; ""progressive-fibrosing interstitial lung disease""; PF-ILD",https://clinicaltrials.gov/study/NCT02999178
NCT03044431,Autologous Stem Cell Treatment for Chronic Lung Disease Study,Autologous Stem Cell Treatment for Chronic Lung Disease Study,OBSERVATIONAL,,COMPLETED,2016-04-01,2017-06-09,COPD; Interstitial Lung Disease,PROCEDURE: Cell therapy,Lung Institute,PF-ILD,https://clinicaltrials.gov/study/NCT03044431
NCT03099187,A Study of Pirfenidone in Patients With Unclassifiable Progressive Fibrosing Interstitial Lung Disease,"Multicenter, International, Double-blind, Two-Arm, Randomized, Placebo-controlled Phase II Trial of Pirfenidone in Patients With Unclassifiable Progressive Fibrosing ILD",INTERVENTIONAL,PHASE2,COMPLETED,2017-05-15,2020-01-10,"Lung Diseases, Interstitial",DRUG: Pirfenidone; DRUG: Placebo,Hoffmann-La Roche,"""progressive fibrosing interstitial lung disease""; ""progressive-fibrosing interstitial lung disease""",https://clinicaltrials.gov/study/NCT03099187
NCT03267108,A Study to Assess Pulsed Inhaled Nitric Oxide in Subjects With Pulmonary Fibrosis at Risk for Pulmonary Hypertension,"A Randomized, Double-Blind, Placebo-Controlled Dose Escalation and Verification Clinical Study to Assess the Safety and Efficacy of Pulsed Inhaled Nitric Oxide (iNO) in Subjects at Risk of Pulmonary Hypertension Associated With Pulmonary Fibrosis on Long Term Oxygen Therapy (Part 1 and Part 2) - REBUILD",INTERVENTIONAL,PHASE3,TERMINATED,2020-12-14,2023-06-30,Pulmonary Fibrosis; Pulmonary Hypertension,COMBINATION_PRODUCT: INOpulse®; COMBINATION_PRODUCT: Placebo; COMBINATION_PRODUCT: Open Label Extension,Bellerophon Pulse Technologies,PF-ILD,https://clinicaltrials.gov/study/NCT03267108
NCT03820726,A Follow-up Study Investigating Long Term Treatment With Nintedanib in Patients With Progressive Fibrosing Interstitial Lung Disease (PF-ILD),An Open-label Extension Trial of the Long Term Safety of Nintedanib in Patients With Progressive Fibrosing Interstitial Lung Disease (PF-ILD),INTERVENTIONAL,PHASE3,COMPLETED,2019-04-16,2022-08-30,"Lung Diseases, Interstitial",DRUG: Nintedanib,Boehringer Ingelheim,"""progressive fibrosing interstitial lung disease""; ""progressive-fibrosing interstitial lung disease""; PF-ILD",https://clinicaltrials.gov/study/NCT03820726
NCT03858842,"Non-interventional Study Describing Epidemiology, Prognosis and Patient Healthcare Costs in France, 2010-2017","Non-interventional Study Describing Epidemiology, Clinical Characteristics, Prognosis and Healthcare Costs of PF-ILD and SSc-ILD Patients in France, 2010-2017",OBSERVATIONAL,,UNKNOWN,2019-03,2019-12,"Lung Diseases, Interstitial; Lung Disease With Systemic Sclerosis","OTHER: epidemiology, healthcare costs in non-IPF PF-ILD and SSc-ILD",Hospices Civils de Lyon,"""progressive fibrosing interstitial lung disease""; ""progressive-fibrosing interstitial lung disease""; PF-ILD",https://clinicaltrials.gov/study/NCT03858842
NCT03914027,Feasibility & Effect of a Tele-rehabilitation Program in Pulmonary Sarcoidosis Pulmonary Sarcoidosis,Feasibility & Effect of a Tele-rehabilitation Program in Pulmonary Sarcoidosis,INTERVENTIONAL,NA,UNKNOWN,2018-12-12,2025-10-01,"Sarcoidosis, Pulmonary; Telerehabilitation",BEHAVIORAL: Telerehabilitation,Aarhus University Hospital,PF-ILD,https://clinicaltrials.gov/study/NCT03914027
NCT03939520,Management of Progressive Disease in Idiopathic Pulmonary Fibrosis,Pragmatic Management of Progressive Disease in Idiopathic Pulmonary Fibrosis: a Randomized Trial,INTERVENTIONAL,PHASE4,COMPLETED,2020-06-11,2026-01-09,Progressive Idiopathic Pulmonary Fibrosis,DRUG: pirfenidone and nintedanib; DRUG: pirfenidone or nintedanib; DRUG: pirfenidone or nintedanib,Hospices Civils de Lyon,PF-ILD,https://clinicaltrials.gov/study/NCT03939520
NCT04262167,Human Autologous Lung Stem Cell Transplant for Idiopathic Pulmonary Fibrosis,"A Phase I, Randomized Study of the Safety and Efficacy of Intravenous Delivery of Lung Spheroid Stem Cells (LSCs) in Patients With Idiopathic Pulmonary Fibrosis",INTERVENTIONAL,PHASE1,ACTIVE_NOT_RECRUITING,2020-10-22,2027-12,Idiopathic Pulmonary Fibrosis and Progressive Fibrotic Interstitial Lung Disease,BIOLOGICAL: Lung Spheroid Stem Cells 100 million; BIOLOGICAL: Lung Spheroid Stem Cells 200 million,"University of North Carolina, Chapel Hill","""progressive fibrotic interstitial lung disease""",https://clinicaltrials.gov/study/NCT04262167
NCT04304898,An International Patient-led Registry in Fibrotic Interstitial Lung Diseases Using eHealth Technology,An International Patient-led Registry in Fibrotic Interstitial Lung Diseases Using eHealth Technology: I-FILE,OBSERVATIONAL,,RECRUITING,2020-05-01,2026-07,Pulmonary Fibrosis,OTHER: Home spirometry,Erasmus Medical Center,PF-ILD,https://clinicaltrials.gov/study/NCT04304898
NCT04308681,"A Study Measuring the Effectiveness, Safety, and Tolerability of BMS-986278 in Participants With Lung Fibrosis","A Multicenter, Randomized, Double-blind, Placebo-controlled, Phase 2 Study of the Efficacy and the Safety and Tolerability of BMS-986278 in Participants With Pulmonary Fibrosis",INTERVENTIONAL,PHASE2,COMPLETED,2020-07-29,2023-09-22,Pulmonary Fibrosis,OTHER: BMS-986278 Placebo; DRUG: BMS-986278,Bristol-Myers Squibb,"""progressive fibrotic interstitial lung disease""; PF-ILD",https://clinicaltrials.gov/study/NCT04308681
NCT04338022,Study of Evobrutinib in Participants With RMS (evolutionRMS 1),"A Phase III, Multicenter, Randomized, Parallel Group, Double Blind, Double Dummy, Active Controlled Study of Evobrutinib Compared With Teriflunomide, in Participants With Relapsing Multiple Sclerosis to Evaluate Efficacy and Safety (evolutionRMS 1)",INTERVENTIONAL,PHASE3,TERMINATED,2020-06-12,2024-03-08,Relapsing Multiple Sclerosis,DRUG: Teriflunomide; DRUG: Evobrutinib,"Merck Healthcare KGaA, Darmstadt, Germany, an affiliate of Merck KGaA, Darmstadt, Germany",PF-ILD,https://clinicaltrials.gov/study/NCT04338022
NCT04559581,Post-marketing Surveillance of Ofev Capsules in Chronic Fibrosing Interstitial Lung Diseases With a Progressive Phenotype in Japan,Post-marketing Surveillance of Ofev Capsules in Chronic Fibrosing Interstitial Lung Diseases With a Progressive Phenotype in Japan,OBSERVATIONAL,,COMPLETED,2020-10-02,2025-01-22,"Lung Diseases, Interstitial",DRUG: Nintedanib,Boehringer Ingelheim,"""progressive fibrosing interstitial lung disease""; ""progressive-fibrosing interstitial lung disease""; PF-ILD",https://clinicaltrials.gov/study/NCT04559581
NCT04598919,Saracatinib in the Treatment of Idiopathic Pulmonary Fibrosis,Use of the Src Family Kinase Inhibitor Saracatinib in the Treatment of Idiopathic Pulmonary Fibrosis,INTERVENTIONAL,PHASE1; PHASE2,ACTIVE_NOT_RECRUITING,2020-11-12,2025-06-30,Idiopathic Pulmonary Fibrosis (IPF),DRUG: Saracatinab; DRUG: Placebo,National Jewish Health,PF-ILD,https://clinicaltrials.gov/study/NCT04598919
NCT04614441,"NICEFIT-ON: A Study Under Routine Clinical Practice in Taiwan to Observe the Long-term Outcome of People With Certain Types of Lung Disease (PF-ILD, SSc-ILD, IPF) Who Start Treatment With Nintedanib",Non-Interventional Collecting Evidences For ILD in Taiwan: Optimized Novel Therapy,OBSERVATIONAL,,COMPLETED,2021-01-21,2025-05-14,Idiopathic Pulmonary Fibrosis,DRUG: OFEV®,Boehringer Ingelheim,"""progressive fibrosing interstitial lung disease""; ""progressive-fibrosing interstitial lung disease""; PF-ILD",https://clinicaltrials.gov/study/NCT04614441
NCT04680832,Exhaled Breath Analysis Using eNose Technology as a Biomarker for Diagnosis and Disease Progression in Fibrotic ILD,Exhaled Breath Analysis Using eNose Technology as a Biomarker for Diagnosis and Disease Progression in Fibrotic Interstitial Lung Disease,OBSERVATIONAL,,ACTIVE_NOT_RECRUITING,2020-11-01,2026-12-31,Pulmonary Fibrosis,DIAGNOSTIC_TEST: Electronic nose,Erasmus Medical Center,PF-ILD,https://clinicaltrials.gov/study/NCT04680832
NCT04702893,INREAL - Nintedanib for Changes in Dyspnea and Cough in Patients Suffering From Chronic Fibrosing Interstitial Lung Disease (ILD) With a Progressive Phenotype in Everyday Clinical Practice: a Real-world Evaluation,Prospective Observational Investigation of Possible Correlations Between Change in FVC and Change in Cough or Dyspnea Scores Using the Living With Pulmonary Fibrosis Questionnaire (L-PF) Between Baseline and After Approximately 52 Weeks of Nintedanib Treatment in Patients Suffering From Chronic Fibrosing ILD With a Progressive Phenotype,OBSERVATIONAL,,COMPLETED,2021-05-28,2024-04-09,"Lung Diseases, Interstitial",DRUG: Nintedanib,Boehringer Ingelheim,PF-ILD,https://clinicaltrials.gov/study/NCT04702893
NCT04739150,An Expanded Access Program in Belgium to Provide Nintedanib to People With Lung Diseases Called Non-IPF ILDs Who Have no Alternative Treatment Options,Medical Need Program With Ofev® (Nintedanib) for the Treatment of Adult Patients With Non-IPF (Idiopathic Pulmonary Fibrosis) Chronic Fibrosing Interstitial Lung Diseases (ILDs) With a Progressive Phenotype (PF-ILD's),EXPANDED_ACCESS,,NO_LONGER_AVAILABLE,,,"Lung Diseases, Interstitial",DRUG: nintedanib,Boehringer Ingelheim,PF-ILD,https://clinicaltrials.gov/study/NCT04739150
NCT04857814,Integrating Electronic Patient Reported Biometric Measures (ePReBMs) From Wearable Devices in Respiratory Diseases,Integrating Electronic Patient Reported Biometric Measures (ePReBMs) From ADAMM-RSM in Respiratory Diseases,INTERVENTIONAL,NA,COMPLETED,2021-07-01,2023-03-01,Progressive Fibrosing Interstitial Lung Disease; Lung Transplant; Cystic Fibrosis; Bronchiectasis; Pulmonary Tuberculosis,DEVICE: ADAMM- RSM Device,University of Alberta,"""progressive fibrosing interstitial lung disease""; ""progressive-fibrosing interstitial lung disease""",https://clinicaltrials.gov/study/NCT04857814
NCT04905693,Extension Study of Inhaled Treprostinil in Subjects With Fibrotic Lung Disease,An Open-label Extension Study of Inhaled Treprostinil in Subjects With Fibrotic Lung Disease (TETON-OLE),INTERVENTIONAL,PHASE3,ENROLLING_BY_INVITATION,2022-09-06,2029-12,Idiopathic Pulmonary Fibrosis; Interstitial Lung Disease; Progressive Pulmonary Fibrosis,DRUG: Inhaled Treprostinil; DEVICE: Treprostinil Ultrasonic Nebulizer,United Therapeutics,"""progressive pulmonary fibrosis""",https://clinicaltrials.gov/study/NCT04905693
NCT05065190,A Study to Test How Well a Medicine Called Nintedanib Helps People in China With Progressive Lung Fibrosis,"A Double Blind, Randomized, Placebo-controlled Trial Evaluating the Efficacy and Safety of Nintedanib Over 52 Weeks in Chinese Patients With Chronic Fibrosing ILDs With a Progressive Phenotype",INTERVENTIONAL,PHASE3,COMPLETED,2021-11-25,2024-05-07,"Lung Diseases, Interstitial",DRUG: Nintedanib; DRUG: Placebo,Boehringer Ingelheim,"""progressive fibrosing interstitial lung disease""; ""progressive-fibrosing interstitial lung disease""",https://clinicaltrials.gov/study/NCT05065190
NCT05067517,Efficacy & Safety of Nintedanib in Patients With Progressive Fibrosing Coal Mine Dust-Induced Interstitial Lung Disease,"A Double Blind, Randomized, Placebo-controlled Trial Evaluating the Efficacy and Safety of Nintedanib Over 52 Weeks in Patients With Progressive Fibrosing Coal Mine Dust-Induced Interstitial Lung Disease (PF-CMD-ILD)",INTERVENTIONAL,PHASE3,WITHDRAWN,2021-11,2024-07,Progressive Fibrosing Interstitial Lung Disease,DRUG: Nintedanib; DRUG: Placebo,West Virginia University,"""progressive fibrosing interstitial lung disease""; ""progressive-fibrosing interstitial lung disease""; PF-ILD",https://clinicaltrials.gov/study/NCT05067517
NCT05074875,COVID-19 Respiratory Outcomes Registry,Post COVID-19 Hypoxemic Respiratory Failure Residual Pathophysiologic Outcomes,OBSERVATIONAL,,COMPLETED,2021-01-15,2023-05-09,Covid19,OTHER: Questionnaires and Patient Reported Outcomes (PROs); DIAGNOSTIC_TEST: Nasal Swab COVID-19 reverse transcription polymerase chain reaction test (RT-PCR); GENETIC: Blood Samples for Biomarkers; DIAGNOSTIC_TEST: High Resolution Computed Tomography; DIAGNOSTIC_TEST: Physical Exam and Vital Signs; DIAGNOSTIC_TEST: Medical Research Council Sum Score; DIAGNOSTIC_TEST: Hand Grip Strength; DIAGNOSTIC_TEST: Spirometry; DIAGNOSTIC_TEST: Diffusing Capacity of Carbon Monoxide; DIAGNOSTIC_TEST: 6 Minute Walk Test; DIAGNOSTIC_TEST: Sit to Stand (STS) Measurement,Weill Medical College of Cornell University,"""progressive pulmonary fibrosis""; PF-ILD",https://clinicaltrials.gov/study/NCT05074875
NCT05121779,Head-to-head Comparison of Diagnosis Value of Pulmonary Fibrosis on 68Ga-FAPI-04 and 18F-FDG PET-CT,Head-to-head Comparison of Diagnosis Value of Pulmonary Fibrosis on 68Ga-FAPI-04 and 18F-FDG PET-CT,INTERVENTIONAL,PHASE1,RECRUITING,2021-11-18,2025-12-31,Pulmonary Fibrosis,DRUG: 68Ga-FAPI; DRUG: 18F-FDG,Peking Union Medical College Hospital,PF-ILD,https://clinicaltrials.gov/study/NCT05121779
NCT05139719,A Study to Explore the Therapeutic Effect of HEC585 on Delaying Forced Vital Capacity (FVC) Decline and Tolerance in Progressive Fibrosing Interstitial Lung Disease (PF-ILD) Patients,"A Phase IIb, Multi-center, Randomized, Double Blinded, Placebo-controlled, Parallel-group Study to Evaluate the Efficacy and Safety of HEC585 Tablets in Patients With Progressive Fibrosing Interstitial Lung Disease",INTERVENTIONAL,PHASE2,RECRUITING,2023-02-15,2026-12,Progressive Fibrosing Interstitial Lung Disease (PF-ILD) / Progressive Pulmonary Fibrosis (PPF),DRUG: HEC585 dose A; DRUG: HEC585 dose B; DRUG: Placebo,"Sunshine Lake Pharma Co., Ltd.","""progressive fibrosing interstitial lung disease""; ""progressive pulmonary fibrosis""; ""progressive-fibrosing interstitial lung disease""; PF-ILD",https://clinicaltrials.gov/study/NCT05139719
NCT05151640,INCHANGE - Nintedanib for Changes in Cough and Dyspnea in Patients Suffering From Chronic Fibrosing Interstitial Lung Disease With a Progressive Phenotype in Everyday Clinical Practice: a Real-world Evaluation,Prospective Observational Investigation of Possible Correlations Between Change in FVC and Change in Cough or Dyspnea Scores Using the Living With Pulmonary Fibrosis Questionnaire (L-PF) Between Baseline and After Approximately 52 Weeks of Nintedanib Treatment in Patients Suffering From Chronic Fibrosing ILD With a Progressive Phenotype,OBSERVATIONAL,,COMPLETED,2023-02-08,2025-09-05,"Lung Diseases, Interstitial",DRUG: Nintedanib,Boehringer Ingelheim,PF-ILD,https://clinicaltrials.gov/study/NCT05151640
NCT05241275,Xenon MRI and Progressive ILD,XENON ILD: 129Xe MRI to Evaluate aNtifibrotic respOnse and progressioN in ILD,INTERVENTIONAL,PHASE2,ACTIVE_NOT_RECRUITING,2022-07-19,2026-08-31,Idiopathic Pulmonary Fibrosis; Progressive Pulmonary Fibrosis,DRUG: Hyperpolarized 129 Xenon Gas Comparing Progressive Pulmonary Fibrosis Treatment,Duke University,"""progressive pulmonary fibrosis""; PF-ILD",https://clinicaltrials.gov/study/NCT05241275
NCT05270668,Phase 2 Safety and Efficacy Study of Tulisokibart (MK-7240/PRA023) in Subjects With Systemic Sclerosis Associated With Interstitial Lung Disease (SSc-ILD) (MK-7240-007),"A Double Blind, Randomized, Placebo-Controlled Study to Evaluate the Efficacy and Safety of MK-7240/PRA023 in Subjects With Systemic Sclerosis Associated With Interstitial Lung Disease (SSc-ILD)",INTERVENTIONAL,PHASE2,ACTIVE_NOT_RECRUITING,2022-03-29,2029-07-31,Diffuse Cutaneous Systemic Sclerosis; Interstitial Lung Disease,DRUG: Tulisokibart; DIAGNOSTIC_TEST: Companion diagnostic ( CDx); DRUG: Placebo,"Prometheus Biosciences, Inc., a subsidiary of Merck & Co., Inc. (Rahway, New Jersey USA)",PF-ILD,https://clinicaltrials.gov/study/NCT05270668
NCT05321069,A Study to Find Out Whether BI 1015550 Improves Lung Function in People With Idiopathic Pulmonary Fibrosis (IPF),"A Double Blind, Randomized, Placebo-controlled Trial Evaluating the Efficacy and Safety of BI 1015550 Over at Least 52 Weeks in Patients With Idiopathic Pulmonary Fibrosis (IPF)",INTERVENTIONAL,PHASE3,COMPLETED,2022-10-06,2024-12-17,Idiopathic Pulmonary Fibrosis,DRUG: BI 1015550; DRUG: Placebo,Boehringer Ingelheim,PF-ILD,https://clinicaltrials.gov/study/NCT05321069
NCT05321082,A Study to Find Out Whether BI 1015550 Improves Lung Function in People With Progressive Fibrosing Interstitial Lung Diseases (PF-ILDs),"A Double Blind, Randomized, Placebo-controlled Trial Evaluating the Efficacy and Safety of BI 1015550 Over at Least 52 Weeks in Patients With Progressive Fibrosing Interstitial Lung Diseases (PF-ILDs)",INTERVENTIONAL,PHASE3,COMPLETED,2022-11-16,2025-04-14,"Lung Diseases, Interstitial",DRUG: BI 1015550; DRUG: Placebo,Boehringer Ingelheim,"""progressive fibrosing interstitial lung disease""; ""progressive pulmonary fibrosis""; ""progressive-fibrosing interstitial lung disease""; PF-ILD",https://clinicaltrials.gov/study/NCT05321082
NCT05330312,Controlled Investigation to Evaluate Impact of dCBT on Psychological Symptom Burden in Adult Subjects With PF,"A Randomized, Controlled, Parallel-group Clinical Investigation Evaluating the Impact of Digital Cognitive Behavioural Therapy on Psychological Symptom Burden in Adults Diagnosed With Pulmonary Fibrosis",INTERVENTIONAL,NA,COMPLETED,2022-04-17,2023-11-10,Pulmonary Fibrosis; Anxiety,DEVICE: Digital cognitive behavioral therapy,Vicore Pharma AB,PF-ILD,https://clinicaltrials.gov/study/NCT05330312
NCT05331300,"A Study to Evaluate the Safety, Preliminary Efficacy, and Pharmacokinetic Properties of LASN01 in Healthy Subjects and in Patients With Pulmonary Fibrosis or Thyroid Eye Disease","A Phase 1/2a, Randomized, Double-blind, Placebo-controlled, Single and Multiple Ascending Dose Study to Determine the Safety, Tolerability, Preliminary Efficacy, Immunogenicity and Pharmacokinetic Properties of LASN01 in Healthy Subjects and in Patients With Pulmonary Fibrosis or Thyroid Eye Disease",INTERVENTIONAL,PHASE1; PHASE2,COMPLETED,2022-06-06,2024-11-27,Pulmonary Fibrosis; Thyroid Eye Disease,DRUG: LASN01; DRUG: LASN01; DRUG: Placebo; DRUG: Placebo,Lassen Therapeutics 1 PTY LTD,"""progressive fibrosing interstitial lung disease""; ""progressive-fibrosing interstitial lung disease""; PF-ILD",https://clinicaltrials.gov/study/NCT05331300
NCT05356052,Expanded Access for Patients With Pulmonary Hypertension Associated With Pulmonary Fibrosis,"Expanded Access: Pulsed, Inhaled Nitric Oxide (iNO) for the Treatment of Patients With Serious Disease or Conditions Associated With Pulmonary Hypertension",EXPANDED_ACCESS,,AVAILABLE,,,Pulmonary Fibrosis; Pulmonary Hypertension,COMBINATION_PRODUCT: INOpulse,Bellerophon,PF-ILD,https://clinicaltrials.gov/study/NCT05356052
NCT05382572,Pulmonary Fibrosis Foundation Community Registry,Pulmonary Fibrosis Foundation Community Registry,OBSERVATIONAL,,RECRUITING,2022-07-11,2027-07-01,Pulmonary Fibrosis; Interstitial Lung Disease; Lung Fibrosis; Idiopathic Pulmonary Fibrosis,,Pulmonary Fibrosis Foundation,PF-ILD,https://clinicaltrials.gov/study/NCT05382572
NCT05445817,Pulmonary Care and Research Collaborative Patient Registry,Pulmonary Care and Research Collaborative Patient Registry,OBSERVATIONAL,,UNKNOWN,2022-07,2024-03,Interstitial Lung Disease,,Pulmonary Care and Research Collaborative Limited,"""progressive fibrosing interstitial lung disease""; ""progressive-fibrosing interstitial lung disease""",https://clinicaltrials.gov/study/NCT05445817
NCT05450276,Patient-Reported Outcome Study of Project ECHO for ILD,Patient-Reported Outcome Study of Project ECHO for ILD,OBSERVATIONAL,,UNKNOWN,2022-07,2024-03,Interstitial Lung Disease,,Pulmonary Care and Research Collaborative Limited,"""progressive fibrosing interstitial lung disease""; ""progressive-fibrosing interstitial lung disease""",https://clinicaltrials.gov/study/NCT05450276
NCT05455437,Monitoring and Evaluation Study of Project ECHO for ILD,Monitoring and Evaluation Study of Project ECHO for ILD,OBSERVATIONAL,,UNKNOWN,2022-07,2024-03,Interstitial Lung Diseases,,Pulmonary Care and Research Collaborative Limited,"""progressive fibrosing interstitial lung disease""; ""progressive-fibrosing interstitial lung disease""",https://clinicaltrials.gov/study/NCT05455437
NCT05492994,A Study to Test Different Imaging Techniques in Patients With Different Types of Interstitial Lung Disease,Longitudinal Study Without an Investigational Medicinal Product in Patients With Progressive Fibrosing Interstitial Lung Disease (PF-ILD) to Evaluate Novel Imaging-based Biomarkers in Comparison With Lung Function for Use in Early Clinical Development,INTERVENTIONAL,NA,COMPLETED,2022-12-19,2026-06-17,"Lung Diseases, Interstitial",DIAGNOSTIC_TEST: Spirometry; DIAGNOSTIC_TEST: Diffusing Capacity of the Lung for Carbon Monoxide (DLCO); DIAGNOSTIC_TEST: Magnetic Resonance Imaging; DIAGNOSTIC_TEST: Chest Computer Tomography; DIAGNOSTIC_TEST: Blood biomarker analysis,Boehringer Ingelheim,"""progressive fibrosing interstitial lung disease""; ""progressive-fibrosing interstitial lung disease""; PF-ILD",https://clinicaltrials.gov/study/NCT05492994
NCT05497284,To Assess the Efficacy of the Investigational Products Compared to Placebo in Participants With IPF,"A Participant- and Investigator-blinded, Randomized, Placebo-controlled, Multicenter, Platform Study to Investigate Efficacy, Safety, and Tolerability of Various Single Treatments in Participants With Idiopathic Pulmonary Fibrosis",INTERVENTIONAL,PHASE2,TERMINATED,2022-11-10,2024-09-26,Idiopathic Pulmonary Fibrosis,DRUG: LTP001; DRUG: Placebo; DRUG: Standard of Care (SoC),Novartis Pharmaceuticals,PF-ILD,https://clinicaltrials.gov/study/NCT05497284
NCT05503030,Correlation Between Changes in Lung Function and Changes in Cough and Dyspnoea in Nintedanib-treated Connective Tissue Disease Interstitial Lung Disease (CTD-ILD) Patients,"A Prospective, Observational Study on the Correlations Between Change in Lung Function and Change in Cough and Dyspnoea in Patients With Connective Tissue Disease-associated Progressive Fibrosing INTErstitial luNg diseaSE (CTD Associated PF-ILD) Treated With Nintedanib. The ""INTENSE"" Study",OBSERVATIONAL,,TERMINATED,2022-12-21,2026-05-13,"Lung Diseases, Interstitial",DRUG: Nintedanib,Boehringer Ingelheim,"""progressive fibrosing interstitial lung disease""; ""progressive-fibrosing interstitial lung disease""; PF-ILD",https://clinicaltrials.gov/study/NCT05503030
NCT05571059,Oral Ifetroban in Patients With Idiopathic Pulmonary Fibrosis (IPF),"A Randomized, Double-Blind, Placebo-Controlled Phase II Study to Determine the Safety and Efficacy of Oral Ifetroban in Patients With Idiopathic Pulmonary Fibrosis (IPF)",INTERVENTIONAL,PHASE2,RECRUITING,2024-01-31,2027-01,Idiopathic Pulmonary Fibrosis,DRUG: Ifetroban Sodium; DRUG: Placebo,Cumberland Pharmaceuticals,PF-ILD,https://clinicaltrials.gov/study/NCT05571059
NCT05596786,Evaluation of Efficacy and Safety of Rituximab in Patients With Progressive Interstitial Lung Disease (ILD) With Inflammatory Component: a Multicentre Double-blind Placebo-controlled Randomized Trial,Evaluation de l'efficacité et de la sécurité du Rituximab Chez Les Patients Avec Une Pneumopathie Interstitielle Diffuse Progressive Avec Composante Inflammatoire : Essai Clinique randomisé Multicentrique en Double Insu Contre Placebo,INTERVENTIONAL,PHASE3,UNKNOWN,2023-01-16,2026-07-16,Lung Diseases,DRUG: Rituximab; OTHER: Placebo,"University Hospital, Tours",PF-ILD,https://clinicaltrials.gov/study/NCT05596786
NCT05609201,PRospective Evaluation of Interstitial Lung DIsease Progression With Quantitative CT,PRospective Evaluation of Interstitial Lung DIsease Progression With Quantitative CT,OBSERVATIONAL,,UNKNOWN,2023-06-01,2024-10-31,Interstitial Lung Disease,DIAGNOSTIC_TEST: HRCT Thorax; DEVICE: Glycocheck Endothelial Glycocalyx Assessment; DIAGNOSTIC_TEST: Blood biomarkers; DIAGNOSTIC_TEST: Peripheral leucocyte telomere length; DIAGNOSTIC_TEST: Pulmonary function testing; DIAGNOSTIC_TEST: Patient reported outcome measures,University of Exeter,PF-ILD,https://clinicaltrials.gov/study/NCT05609201
NCT05626387,An RCT of Mycophenolate Mofetil (MMF) in Fibrotic Hypersensitivity Pneumonitis,Mycophenolate Mofetil and Prednisolone Versus Prednisolone Alone in Fibrotic Hypersensitivity Pneumonitis: a Randomized Controlled Trial,INTERVENTIONAL,PHASE4,ACTIVE_NOT_RECRUITING,2022-11-23,2026-10-23,Hypersensitivity Pneumonitis,DRUG: Mycophenolate Mofetil plus prednisolone; DRUG: Prednisolone,"Post Graduate Institute of Medical Education and Research, Chandigarh","""progressive pulmonary fibrosis""",https://clinicaltrials.gov/study/NCT05626387
NCT05635032,Fibrosing ILD Biomarkers That Rule Acceleration,Host-microbiome Interactions in the Quest for Fibrosing ILD Biomarkers That Rule Acceleration,OBSERVATIONAL,,UNKNOWN,2021-03-01,2026-03-31,Pulmonary Fibrosis; Sarcoidosis,OTHER: Comprehensive clinical assessment and biological samples collection,Universidade do Porto,"""progressive pulmonary fibrosis""; PF-ILD",https://clinicaltrials.gov/study/NCT05635032
NCT05747508,A Study to Assess Pulsed Inhaled Nitric Oxide in Subjects With Pulmonary Hypertension Associated With Pulmonary Fibrosis,"A Randomized, Double-Blind, Placebo-Controlled Dose Escalation Clinical Study to Assess the Safety and Efficacy of Pulsed Inhaled Nitric Oxide (iNO) in Subjects With Pulmonary Hypertension Associated With Pulmonary Fibrosis on Long Term Oxygen Therapy (Part 1 and Part 2)",INTERVENTIONAL,PHASE2,UNKNOWN,2017-12-29,2023-12,Pulmonary Fibrosis; Pulmonary Hypertension,COMBINATION_PRODUCT: INOpulse®; COMBINATION_PRODUCT: Placebo; COMBINATION_PRODUCT: Long Term Follow Up,Bellerophon,PF-ILD,https://clinicaltrials.gov/study/NCT05747508
NCT05771740,Pulmonary Fibrosis Lung Sounds Study,Feasibility Study for Gathering Lung Sound Recordings From Pulmonary Fibrosis Patients and Healthy Controls and Classifying Disease Status Using a Combination of Digital Sound Device and Machine Learning,OBSERVATIONAL,,UNKNOWN,2023-03,2023-12,Pulmonary Fibrosis; Healthy,DEVICE: Stemoscope (bluetooth sound amplifier),Royal Devon and Exeter NHS Foundation Trust,PF-ILD,https://clinicaltrials.gov/study/NCT05771740
NCT05785065,Mycophenolate Mofetil in Systemic Sclerosis With Subclinical Interstitial Lung Disease,Randomized Double-Blind Placebo-Controlled Clinical Trial to Assess the Efficacy of Mycophenolate Mofetil in Subclinical Interstitial Lung Disease Associated With Systemic Sclerosis: a Feasibility Study,INTERVENTIONAL,PHASE2,RECRUITING,2024-08-29,2028-12,Systemic Sclerosis With Lung Involvement; Systemic Sclerosis; Interstitial Lung Disease,DRUG: Mycophenolate Mofetil; OTHER: Placebo,Centre hospitalier de l'Université de Montréal (CHUM),"""progressive pulmonary fibrosis""",https://clinicaltrials.gov/study/NCT05785065
NCT05785624,A Study Evaluating the Efficacy and Safety of Vixarelimab in Participants With Idiopathic Pulmonary Fibrosis and in Participants With Systemic Sclerosis-Associated Interstitial Lung Disease,"A Two-Cohort, Phase II, Multicenter, Randomized, Double-Blind, Parallel-Group, Placebo-Controlled Study Evaluating the Efficacy and Safety of Vixarelimab Compared With Placebo in Patients With Idiopathic Pulmonary Fibrosis and in Patients With Systemic Sclerosis-Associated Interstitial Lung Disease",INTERVENTIONAL,PHASE2,TERMINATED,2023-05-26,2026-01-12,Idiopathic Pulmonary Fibrosis; Systemic Sclerosis With Lung Involvement,DRUG: Vixarelimab; DRUG: Placebo,"Genentech, Inc.",PF-ILD,https://clinicaltrials.gov/study/NCT05785624
NCT05799755,Myositis Interstitial Lung Disease Nintedanib Trial,"Nintedanib Plus Standard of Care Immunosuppression Versus Standard of Care Immunosuppression Alone in Patients With Progressive Fibrotic Myositis Associated - Interstitial Lung Disease: A Randomized, Double-Blind, Exploratory Trial",INTERVENTIONAL,PHASE4,COMPLETED,2023-08-01,2025-12-31,Myositis Associated Interstitial Lund Disease (MA-ILD),DRUG: Nintedanib; DRUG: Placebo; DRUG: Standard of Care,"Rohit Aggarwal, MD",PF-ILD,https://clinicaltrials.gov/study/NCT05799755
NCT05828953,Anlotinib Capsules in the Treatment for IPF/PF-ILDs,"A Multicenter, Randomized, Double-blind, Placebo-controlled Clinical Trial of Anlotinib Capsules for the Treatment of Idiopathic Pulmonary Fibrosis (IPF)/Progressive Fibrosis-interstitial Lung Disease (PF-ILDs)",INTERVENTIONAL,PHASE2,ACTIVE_NOT_RECRUITING,2021-09-28,2026-09-30,Interstitial Lung Diseases,DRUG: Anlotinib; DRUG: Placebo,First Affiliated Hospital of Wenzhou Medical University,PF-ILD,https://clinicaltrials.gov/study/NCT05828953
NCT05866198,Physical Activity and Quality of Life in Fibrotic Lung Diseases After Initiating Anti-fibrotic Therapy and Pulmonary Rehabilitation,Evaluation of Physical Activity and Quality of Life in Fibrotic Lung Diseases After Initiating Anti-fibrotic Therapy and Pulmonary Rehabilitation,INTERVENTIONAL,NA,UNKNOWN,2023-09-01,2026-05,"Lung Diseases, Interstitial",DIAGNOSTIC_TEST: Actigraph CP Insight Watch,University of South Florida,PF-ILD,https://clinicaltrials.gov/study/NCT05866198
NCT05875532,Study of Progression to Progressive Fibrosing Interstitial Lung Disease (PF-ILD) Incidence/Management and Treatment,Incidence Probability of Progression to Progressive Fibrosing Interstitial Lung Diseases and Status of Management and Treatments in Patients With Fibrosing Interstitial Lung Diseases Other Than Idiopathic Pulmonary Fibrosis in Japan,OBSERVATIONAL,,COMPLETED,2023-04-20,2023-05-01,"Lung Diseases, Interstitial",,Boehringer Ingelheim,"""progressive fibrosing interstitial lung disease""; ""progressive-fibrosing interstitial lung disease""; PF-ILD",https://clinicaltrials.gov/study/NCT05875532
NCT05883293,Clinical Study of Allogeneic Fat Decellularized Active Protein in the Treatment of Pulmonary Fibrosis,Clinical Study of Allogeneic Fat Decellularized Active Protein in the Treatment of Pulmonary Fibrosis,INTERVENTIONAL,EARLY_PHASE1,ACTIVE_NOT_RECRUITING,2023-08-14,2026-08-31,Pulmonary Fibrosis,DRUG: Cell Free Fat Extract(CEFFE),Shanghai Ninth People's Hospital Affiliated to Shanghai Jiao Tong University,PF-ILD,https://clinicaltrials.gov/study/NCT05883293
NCT05890573,Efficacy of Bailing Capsule on Pulmonary Fibrosis After COVID-19,Efficacy of Bailing Capsule on Pulmonary Fibrosis After COVID-19,INTERVENTIONAL,NA,UNKNOWN,2024-04-16,2024-12-31,Pulmonary Fibrosis; COVID-19 Pneumonia,DRUG: Bailing capsule,"Second Affiliated Hospital, School of Medicine, Zhejiang University",PF-ILD,https://clinicaltrials.gov/study/NCT05890573
NCT05895409,A Multicenter Prospective Study of Risk Factors in Progressive Pulmonary Fibrosis,A Multicenter Prospective Study of Risk Factors in Progressive Pulmonary Fibrosis,OBSERVATIONAL,,RECRUITING,2023-07-27,2028-06-01,Interstitial Lung Disease,,Qianfoshan Hospital,"""progressive pulmonary fibrosis""; PF-ILD",https://clinicaltrials.gov/study/NCT05895409
NCT05914506,Hyperpolarized 129-Xenon MRI in Fibrosing Interstitial Lung Disease,Hyperpolarized 129-Xenon MRI in Fibrosing Interstitial Lung Disease,OBSERVATIONAL,,ACTIVE_NOT_RECRUITING,2023-10-05,2028-05-01,Progressive Fibrosing Interstitial Lung Disease,DIAGNOSTIC_TEST: Hyperpolarized xenon-129 MRI,University of Aarhus,"""progressive fibrosing interstitial lung disease""; ""progressive-fibrosing interstitial lung disease""; PF-ILD",https://clinicaltrials.gov/study/NCT05914506
NCT05943535,Study of the Efficacy and Safety of Inhaled Treprostinil in Subjects With Progressive Pulmonary Fibrosis (TETON-PPF),"A Randomized, Double-blind, Placebo-controlled, Multinational, Phase 3 Study of the Efficacy and Safety of Inhaled Treprostinil in Subjects With Progressive Pulmonary Fibrosis (TETON-PPF)",INTERVENTIONAL,PHASE3,RECRUITING,2023-10-30,2027-11,Progressive Pulmonary Fibrosis; Interstitial Lung Disease,DRUG: Placebo; DRUG: Inhaled Treprostinil; DEVICE: Treprostinil Ultrasonic Nebulizer,United Therapeutics,"""progressive pulmonary fibrosis""",https://clinicaltrials.gov/study/NCT05943535
NCT06003426,"A Study to Evaluate the Efficacy, Safety, and Tolerability of BMS-986278 in Participants With Idiopathic Pulmonary Fibrosis","A Multicenter, Randomized, Double-blind, Placebo-controlled, Phase 3 Study to Evaluate the Efficacy, Safety, and Tolerability of BMS-986278 in Participants With Idiopathic Pulmonary Fibrosis",INTERVENTIONAL,PHASE3,ACTIVE_NOT_RECRUITING,2023-09-14,2027-06-04,Idiopathic Pulmonary Fibrosis,DRUG: BMS-986278; DRUG: BMS-986278 Placebo,Bristol-Myers Squibb,PF-ILD,https://clinicaltrials.gov/study/NCT06003426
NCT06025578,"A Study to Evaluate the Efficacy, Safety, and Tolerability of BMS-986278 in Participants With Progressive Pulmonary Fibrosis","A Multicenter, Randomized, Double-blind, Placebo-controlled, Phase 3 Study to Evaluate the Efficacy, Safety, and Tolerability of BMS-986278 in Participants With Progressive Pulmonary Fibrosis",INTERVENTIONAL,PHASE3,ACTIVE_NOT_RECRUITING,2023-10-25,2027-12-27,Progressive Pulmonary Fibrosis,DRUG: BMS-986278; DRUG: BMS-986278 Placebo,Bristol-Myers Squibb,"""progressive pulmonary fibrosis""; PF-ILD",https://clinicaltrials.gov/study/NCT06025578
NCT06097260,"Randomized, Double-blind Study of Efficacy and Safety of Bexotegrast (PLN-74809) for Idiopathic Pulmonary Fibrosis","A Randomized, Double-blind, Dose-ranging, Placebo-controlled Study to Evaluate the Efficacy and Safety of Bexotegrast (PLN-74809) for the Treatment of Idiopathic Pulmonary Fibrosis (BEACON-IPF)",INTERVENTIONAL,PHASE2,TERMINATED,2023-11-16,2025-04-04,Idiopathic Pulmonary Fibrosis,DRUG: PLN-74809; DRUG: Placebo,"Pliant Therapeutics, Inc.",PF-ILD,https://clinicaltrials.gov/study/NCT06097260
NCT06162884,Single Time Point Prediction as Earlier Diagnosis of Progressive Pulmonary Fibrosis,Imaging Signature of Progressive Pulmonary Fibrosis in Idiopathic Pulmonary Fibrosis and Non-IPF Interstitial Lung Diseases,OBSERVATIONAL,,RECRUITING,2024-11-06,2029-08-19,Pulmonary Fibrosis,,"University of California, Los Angeles","""progressive pulmonary fibrosis""",https://clinicaltrials.gov/study/NCT06162884
NCT06191367,Effect of Aerobic Exercises Versus Incentive Spirometer Device on Post-covid Pulmonary Fibrosis Patients,Effect of Aerobic Exercises Versus Incentive Spirometer Device on Post-covid Pulmonary Fibrosis Patients,INTERVENTIONAL,NA,UNKNOWN,2022-02-01,2024-02,Lung Fibrosis Interstitial; Post-COVID-19 Syndrome,OTHER: Aerobic Exercises; DEVICE: Incentive Spirometer Device; OTHER: Traditional Chest Physiotherapy,McCarious Nahad Aziz Abdelshaheed Stephens,PF-ILD,https://clinicaltrials.gov/study/NCT06191367
NCT06200714,A Study Based on Medical Records in Spain That Looks at Diarrhoea Control in People With Pulmonary Fibrosis Who Are Taking Nintedanib,"Observational, Multicentre, Prospective, Real-world Post-authorization Safety Study Describing the Achievement of Nintedanib-associated DIArrhoea Control After 12 Weeks of Follow-up in Patients With Idiopathic puLmonary FIBrosis (IPF) and Progressive Pulmonary Fibrosis (Other Than IPF) in Spain: the DIALFIB Study",OBSERVATIONAL,,COMPLETED,2024-07-16,2025-04-29,Idiopathic Pulmonary Fibrosis; Diarrhoea,DRUG: Nintedanib,Boehringer Ingelheim,"""progressive pulmonary fibrosis""",https://clinicaltrials.gov/study/NCT06200714
NCT06238622,A Follow-up Study to Test Long-term Treatment With Nerandomilast in People With Pulmonary Fibrosis Who Took Part in a Previous Study With Nerandomilast,An Open-label Extension Trial of the Long-term Safety and Efficacy of BI 1015550 Taken Orally in Patients With Idiopathic Pulmonary Fibrosis (IPF) and Progressive Pulmonary Fibrosis (PPF) (FIBRONEER™-ON),INTERVENTIONAL,PHASE3,RECRUITING,2024-05-06,2027-05-05,Idiopathic Pulmonary Fibrosis; Progressive Pulmonary Fibrosis,DRUG: Nerandomilast,Boehringer Ingelheim,"""progressive pulmonary fibrosis""",https://clinicaltrials.gov/study/NCT06238622
NCT06251687,Application of Transbronchial Cryobiopsy in the Diagnosis of Progressive Pulmonary Fibrosis,Application of Transbronchial Cryobiopsy in the Diagnosis of Progressive Pulmonary Fibrosis：a Multicenter Prospective Study,INTERVENTIONAL,NA,RECRUITING,2024-02-01,2026-12-31,Pulmonary Fibrosis; Transbronchial Cryobiopsy,PROCEDURE: Transbronchial Cryobiopsy，TBLC; PROCEDURE: Transbronchial Lung Biopsy，TBLB,China-Japan Friendship Hospital,"""progressive pulmonary fibrosis""",https://clinicaltrials.gov/study/NCT06251687
NCT06275295,A Retrospective Study of Transbronchial Cryobiopsy in the Diagnosis of Progressive Pulmonary Fibrosis,Application of Transbronchial Cryobiopsy in the Diagnosis of Progressive Pulmonary Fibrosis：a Multicenter Retrospective Study,OBSERVATIONAL,,UNKNOWN,2024-03-20,2024-12-31,Pulmonary Fibrosis; Transbronchial Cryobiopsy,,China-Japan Friendship Hospital,"""progressive pulmonary fibrosis""",https://clinicaltrials.gov/study/NCT06275295
NCT06290635,Edmonton Dyspnea Inventory- Validation Study,Edmonton Dyspnea Inventory (EDI) in Interstitial Lung Diseases: Understanding Dyspnea Severity and Impact of EDI Use in Individuals With Interstitial Lung Disease,OBSERVATIONAL,,COMPLETED,2022-11-11,2025-01-31,ILD,DIAGNOSTIC_TEST: Breathlessness Assessment Tool,University of Alberta,"""progressive pulmonary fibrosis""",https://clinicaltrials.gov/study/NCT06290635
NCT06329401,A Study Evaluating the Safety and Efficacy of Inhaled AP01 in Participants With Progressive Pulmonary Fibrosis,"A Randomized, Double-Blind, Placebo-Controlled, Phase 2b Study Evaluating the Safety and Efficacy of Pirfenidone Solution for Inhalation (AP01) in Participants With PPF",INTERVENTIONAL,PHASE2,ACTIVE_NOT_RECRUITING,2024-04-03,2027-06,"Pulmonary Fibrosis; Progressive Pulmonary Fibrosis; Pulmonary Fibrosis Secondary to Systemic Sclerosis; Pulmonary Fibrosis, Interstitial Lung Disease; Interstitial Lung Disease; Interstitial Lung Disease Due to Connective Tissue Disease (Disorder); Interstitial Lung Disease in Patients With Rheumatoid Arthritis; Interstitial Lung Disease With Progressive Fibrotic Phenotype in Diseases Classified Elsewhere; Hypersensitivity Pneumonitis; Interstitial Lung Disease With Systemic Sclerosis",DRUG: AP01; OTHER: Placebo,Avalyn Pharma Inc.,"""progressive fibrotic phenotype"" AND ""interstitial lung disease""; ""progressive pulmonary fibrosis""; PF-ILD",https://clinicaltrials.gov/study/NCT06329401
NCT06360094,A Study to Test Whether BI 1839100 Improves Cough in People With Idiopathic Pulmonary Fibrosis or Progressive Pulmonary Fibrosis,"A Phase IIa/IIb, Randomised, Double Blind, Placebo-controlled, Parallel-group Dose-finding Study to Examine the Efficacy and Safety of BI 1839100 Administered Orally Over a 12-week Treatment Period in Patients With Idiopathic Pulmonary Fibrosis or Progressive Pulmonary Fibrosis With Clinically Meaningful Cough",INTERVENTIONAL,PHASE2,TERMINATED,2024-08-28,2025-09-02,Idiopathic Pulmonary Fibrosis; Progressive Pulmonary Fibrosis,DRUG: BI 1839100; DRUG: Placebo,Boehringer Ingelheim,"""progressive pulmonary fibrosis""; PF-ILD",https://clinicaltrials.gov/study/NCT06360094
NCT06422884,A Phase 2 Trial of ENV-101 in Patients With Lung Fibrosis (WHISTLE-PF Trial),"A Phase 2, Multi-Center, Randomized, Double-Blind, Controlled Trial Evaluating the Safety and Efficacy of ENV-101 in Patients With Lung Fibrosis (WHISTLE-PF Trial)",INTERVENTIONAL,PHASE2,ACTIVE_NOT_RECRUITING,2024-11-15,2026-10,Idiopathic Pulmonary Fibrosis; Progressive Fibrosing Interstitial Lung Disease,DRUG: ENV-101; DRUG: Placebo,"Endeavor Biomedicines, Inc.","""progressive fibrosing interstitial lung disease""; ""progressive-fibrosing interstitial lung disease""; PF-ILD",https://clinicaltrials.gov/study/NCT06422884
NCT06476470,Taiwan Interstitial Lung Disease Multi-center Investigation and Registry,"A Prospective Multi-center Registry for Fibrotic Lung Disease, Focusing on Clinical Phenotype, Physical Parameters, Image Analysis, and Precision Medicine in Taiwan",OBSERVATIONAL,,RECRUITING,2024-03-10,2035-12-31,Interstitial Lung Disease; Comorbidities and Coexisting Conditions; Pulmonary Arterial Hypertension; Treatment Adherence; Function Impaired Respiratory,,Taichung Veterans General Hospital,"""progressive pulmonary fibrosis""",https://clinicaltrials.gov/study/NCT06476470
NCT06485635,Real-life-persistence to Antifibrotic Treatments,Real-life-Persistence to Antifibrotic Treatments,OBSERVATIONAL,,COMPLETED,2024-10-16,2026-04-07,Idiopathic Pulmonary Fibrosis,DRUG: Nintedanib; DRUG: Pirfenidone,Boehringer Ingelheim,"""progressive pulmonary fibrosis""",https://clinicaltrials.gov/study/NCT06485635
NCT06532071,Advanced Imaging for Pulmonary Fibrosis,Advanced Imaging for Pulmonary Fibrosis,INTERVENTIONAL,PHASE2,RECRUITING,2025-01-21,2028-12-31,Pulmonary Fibrosis,DRUG: [68Ga]CBP8; DRUG: Gadoterate Meglumine,Peter Caravan,"""progressive pulmonary fibrosis""",https://clinicaltrials.gov/study/NCT06532071
NCT06572384,A Study of the Efficacy and Safety of Belimumab in Adults With Interstitial Lung Disease Associated With Connective Tissue Disease,"A Phase 3, Randomized, Double-Blind, Placebo-Controlled, Parallel Group Study to Evaluate the Efficacy and Safety of Belimumab Administered Subcutaneously in Adults With Interstitial Lung Disease (ILD) Associated With Connective Tissue Disease (CTD)",INTERVENTIONAL,PHASE3,RECRUITING,2024-09-11,2028-12-13,"Lung Diseases, Interstitial",BIOLOGICAL: Belimumab; OTHER: Placebo,GlaxoSmithKline,PF-ILD,https://clinicaltrials.gov/study/NCT06572384
NCT06574581,ADSCs Therapy in Patients With CTD-ILD,Allogenic Adipose Tissue Derived-MSCs Therapy in Patients With Connective Tissue Diseases-associated Interstitial Lung Disease(CTD-ILD): Phase I/IIa Clinical Trial,INTERVENTIONAL,PHASE1; PHASE2,RECRUITING,2024-08-20,2027-11-30,Connective Tissue Diseases; Interstitial Lung Disease,BIOLOGICAL: ADSC01,China Medical University Hospital,"""progressive fibrosing interstitial lung disease""; ""progressive-fibrosing interstitial lung disease""",https://clinicaltrials.gov/study/NCT06574581
NCT06618924,Digital Modeling of Thoracic CT and Pulmonary Fibrosis,Quantitative Multi-compartment Study by Thoracic CT Scanning in Progressive Pulmonary Fibrosis,OBSERVATIONAL,,ACTIVE_NOT_RECRUITING,2024-07-01,2030-07-01,Inspiration Expiration Thoracic TDM Sequences of Patients With Diffuse Interstitial Lung Disease (DIP),,Assistance Publique - Hôpitaux de Paris,"""progressive pulmonary fibrosis""",https://clinicaltrials.gov/study/NCT06618924
NCT06644144,P4O2 ILD Extension,"Early Identification of Progressive Pulmonary Fibrosis, Precision Medicine for More Oxygen - ILD Extension.",OBSERVATIONAL,,RECRUITING,2024-11-01,2031-10-01,"Interstitial Lung Disease; Pulmonary Fibrosis; Interstitial Lung Fibrosis; IPF; Pulmonary Fibrosis, Idiopathic; Pulmonary Fibrosis Idiopathic Familial; Chronic Hypersensitivity Pneumonitis; Unclassifiable ILD; Idiopathic NSIP; CTD-ILD",OTHER: No Interventions,"Amsterdam UMC, location VUmc","""progressive pulmonary fibrosis""",https://clinicaltrials.gov/study/NCT06644144
NCT06674148,"A Randomized, Double-Blind, Placebo-Controlled, Multicenter Study of the Efficacy and Safety of Qifangfeixian Granules in the Treatment of Connective Tissue Disease-Associated Interstitial Lung Disease (CTD-ILD)","A Randomized, Double-Blind, Placebo-Controlled, Multicenter Study of the Efficacy and Safety of Qifangfeixian Granules in the Treatment of Connective Tissue Disease-Associated Interstitial Lung Disease (CTD-ILD)",INTERVENTIONAL,PHASE2; PHASE3,RECRUITING,2024-10-25,2027-06-01,Interstitial Lung Disease; Qifangfeixian Granules,DRUG: Qifangfeixian granules; OTHER: Placebo,Huilan Zhang,PF-ILD,https://clinicaltrials.gov/study/NCT06674148
NCT06692738,A Global Phase III Study of Rilvegostomig or Pembrolizumab Plus Chemotherapy for First-Line Treatment of Locally Advanced or Metastatic Squamous Non-small Cell Lung Cancer (NSCLC),"A Phase III, Randomized, Double-blind, Multicenter, Global Study of Rilvegostomig or Pembrolizumab in Combination With Platinum-based Chemotherapy for the First-line Treatment of Patients With Locally Advanced or Metastatic Squamous Non-small Cell Lung Cancer Whose Tumors Express PD-L1 (ARTEMIDE-Lung02)",INTERVENTIONAL,PHASE3,RECRUITING,2024-11-18,2030-07-01,Non-small Cell Lung Cancer,DRUG: Rilvegostomig; DRUG: Pembrolizumab; DRUG: Carboplatin; DRUG: Paclitaxel; DRUG: Nab-paclitaxel,AstraZeneca,PF-ILD,https://clinicaltrials.gov/study/NCT06692738
NCT06702228,Precision Diagnosis and Care for Families With Pulmonary Fibrosis in Ireland,Precision Diagnosis and Care for Families With Pulmonary Fibrosis in Ireland [PRECISE-PF],OBSERVATIONAL,,RECRUITING,2021-09-28,2028-04-01,Connective Tissue Diseases; Interstitial Lung Disease; Idiopathic Pulmonary Fibrosis; Familial Idiopathic Pulmonary Fibrosis; Pulmonary Fibrosis; Pulmonary Fibrosis Interstitial,DIAGNOSTIC_TEST: Six minute walk test (6MWT); DIAGNOSTIC_TEST: Computer-tomography of the thorax (CT Thorax); OTHER: Quality of life questionnaires.; DIAGNOSTIC_TEST: Genetic Testing; DIAGNOSTIC_TEST: Spirometry; DIAGNOSTIC_TEST: Serology; OTHER: Other Quality of Life Questionnaires; OTHER: PatientMPower Home Monitoring App,"Royal College of Surgeons, Ireland","""progressive pulmonary fibrosis""; PF-ILD",https://clinicaltrials.gov/study/NCT06702228
NCT06732674,Home Based Clinical Management of Interstitial Lung Disease in Systemic Rheumatic Diseases,"A 54-week, Multi-centre, 2-arm, Randomised Controlled Trial to Assess Home Monitoring for Lung Function and Patient Reported Outcome Measurements Vs. Usual Care in RheuMatic Disease-associated Interstitial Lung Disease: the RMD-mILDer Trial",INTERVENTIONAL,NA,RECRUITING,2024-12-16,2028-02-28,Interstitial Lung Disease with Progressive Fibrotic Phenotype in Diseases Classified Elsewhere; Systemic Sclerosis Pulmonary; Dermatomyositis; Rheumatoid Arthritis; Sjogren Syndrome with Lung Involvement; Connective Tissue Diseases,DIAGNOSTIC_TEST: A home monitoring strategy with event driven management,Oslo University Hospital,"""progressive fibrotic phenotype"" AND ""interstitial lung disease""; ""progressive pulmonary fibrosis""",https://clinicaltrials.gov/study/NCT06732674
NCT06747923,SB17170 Phase 2 Trial in IPF Patients,"A Randomized, Double-blind, Placebo-controlled, Parallel, Multicenter, Exploratory Phase IIa Clinical Trial to Assess the Efficacy, Safety, Tolerability, and Pharmacokinetic and Pharmacodynamic Properties of SB17170 in Idiopathic Pulmonary Fibrosis (IPF) Patients.",INTERVENTIONAL,PHASE2,RECRUITING,2025-01-27,2026-10-31,IPF; Idiopathic Pulmonary Fibrosis; Idiopathic Pulmonary Fibrosis (IPF),DRUG: SB17170; DRUG: Placebo,SPARK Biopharma,PF-ILD,https://clinicaltrials.gov/study/NCT06747923
NCT06751069,Home-based Pulmonary Rehabilitation and Health Coaching in Patients With Fibrotic Interstitial Lung Disease,Home-based Pulmonary Rehabilitation and Health Coaching in Patients With Fibrotic Interstitial Lung Disease: A Prospective Pragmatic Randomized Waitlist-Controlled Trial,INTERVENTIONAL,NA,RECRUITING,2025-03-03,2030-09-30,Lung Fibrosis; Lung Interstitial Disease,BEHAVIORAL: Home-based Pulmonary Rehab,Mayo Clinic,PF-ILD,https://clinicaltrials.gov/study/NCT06751069
NCT06821464,A Trial of HRS-9813 in Healthy Subjects,"Safety, Tolerability and Pharmacokinetics of HRS-9813 After Multiple Oral Administration in Healthy Subjects-A Phase I Clinical Study",INTERVENTIONAL,PHASE1,COMPLETED,2025-02-17,2025-07-27,Idiopathic Pulmonary Fibrosis/Progressive Pulmonary Fibrosis,DRUG: HRS-9813; DRUG: HRS-9813,"Guangdong Hengrui Pharmaceutical Co., Ltd","""progressive pulmonary fibrosis""",https://clinicaltrials.gov/study/NCT06821464
NCT06853236,Functional Incremental Stepping in Place Test (F-IST) Validation,"A Cardiorespiratory Fitness Test for Acute Illness: Validity, Reliability, and Clinical Utility of Functional Incremental Stepping-in-Place Test",OBSERVATIONAL,,RECRUITING,2024-07-02,2027-02-27,Intensive Care Medicine; Acute Care Medical,,Kirby Mayer,PF-ILD,https://clinicaltrials.gov/study/NCT06853236
NCT06855329,PRospective phenotypIng and Multi-omic Endotyping of Progressive Pulmonary Fibrosis,PRIME-PPF: PRospective phenotypIng and Multi-omic Endotyping of Progressive Pulmonary Fibrosis,OBSERVATIONAL,,RECRUITING,2025-05-01,2029-12,Progressive Pulmonary Fibrosis; Interstitial Lung Disease,,"University of Massachusetts, Worcester","""progressive pulmonary fibrosis""",https://clinicaltrials.gov/study/NCT06855329
NCT06883448,Implementation of Home Monitoring in Patients With Pulmonary Fibrosis,The SUITS Study: Implementation of Home Monitoring in Patients With Pulmonary Fibrosis,INTERVENTIONAL,NA,RECRUITING,2024-10-02,2027-09-01,Pulmonary Fibrosis; Interstitial Lung Disease (ILD),COMBINATION_PRODUCT: Home monitoring care,Erasmus Medical Center,PF-ILD,https://clinicaltrials.gov/study/NCT06883448
NCT06885515,Telomeres Length in Israeli Fibrotic ILD Patients,Short Telomeres in Familial and Sporadic Fibrotic Interstitial Lung Diseases in Israel,OBSERVATIONAL,,ENROLLING_BY_INVITATION,2026-02,2028-12,Pulmonary Fibrosis,DIAGNOSTIC_TEST: leukocyte telomere length (LTL) will be measured using the Telomere Restriction Fragment (TRF) Analysis method,Barzilai Medical Center,"""progressive pulmonary fibrosis""",https://clinicaltrials.gov/study/NCT06885515
NCT06912659,The BALANCE Study: A Study in Spain to Find Out Whether a Patient Support Program Helps People With Pulmonary Fibrosis Who Take Nintedanib,"Non-interventional Prospective Study in Patients With Pulmonary Fibrosis Treated With Nintedanib Participating in a Patient Support Program in Spain, to Describe Patient Satisfaction With the Program and to Monitor Quality of Life - BALANCE Study",OBSERVATIONAL,,ACTIVE_NOT_RECRUITING,2025-06-23,2026-12-23,Pulmonary Fibrosis,,Boehringer Ingelheim,PF-ILD,https://clinicaltrials.gov/study/NCT06912659
NCT06914713,Jin-shui Huan-xian Formula for Retarding the Decline of Pulmonary Function in IPF,Efficacy Evaluation of Jin-shui Huan-xian Formula in Retarding the Decline of Pulmonary Function in IPF,INTERVENTIONAL,NA,NOT_YET_RECRUITING,2025-08-01,2028-11-30,Idiopathic Pulmonary Fibrosis(IPF),DRUG: Jin-shui Huan-xian granule; DRUG: Jin-shui Huan-xian granule placebo,Henan University of Traditional Chinese Medicine,"""progressive pulmonary fibrosis""",https://clinicaltrials.gov/study/NCT06914713
NCT06951217,An Extension Study of Subjects Who Received an Avalyn Inhaled Antifibrotic Agent (SAIL),"A Multinational, Long-Term, Safety and Tolerability, Open-Label Extension Study of Subjects Who Have Participated in Avalyn Pharma Studies of Inhaled Antifibrotic Agents (AP-LTE-008 [SAIL])",INTERVENTIONAL,PHASE2,RECRUITING,2025-04-17,2031-12-31,Progressive Pulmonary Fibrosis; Idiopathic Pulmonary Fibrosis (IPF),COMBINATION_PRODUCT: AP01,Avalyn Pharma Inc.,"""progressive pulmonary fibrosis""; PF-ILD",https://clinicaltrials.gov/study/NCT06951217
NCT06967805,WISPer: Evaluation of MTX-463 in Participants With Idiopathic Pulmonary Fibrosis (IPF),"A Phase 2 Randomized, Double-blind, Placebo-controlled Study of the Safety and Efficacy of MTX-463 in Participants With Idiopathic Pulmonary Fibrosis (IPF)",INTERVENTIONAL,PHASE2,RECRUITING,2025-05-05,2027-08,Idiopathic Pulmonary Fibrosis,BIOLOGICAL: MTX-463; OTHER: Placebo,Mediar Therapeutics,PF-ILD,https://clinicaltrials.gov/study/NCT06967805
NCT06974799,Metabolomic Biomarkers Evaluation in Pulmonary Fibrosis,Evaluation of Metabolomic Biomarkers in Pulmonary Fibrosis,OBSERVATIONAL,,COMPLETED,2023-05-05,2025-01-18,Pulmonary Fibrosis,DIAGNOSTIC_TEST: Fatty acids measurement,University of Campania Luigi Vanvitelli,PF-ILD,https://clinicaltrials.gov/study/NCT06974799
NCT06987266,Establishment of Diagnosis and Classification System for Lung Interstitial and Airway Diseases (LIAD),Establishment of Diagnosis and Classification System for Lung Interstitial and Airway Diseases (LIAD),OBSERVATIONAL,,NOT_YET_RECRUITING,2025-05-20,2028-11-30,Interstitial Lung Diseases (ILD); Airway Disease,OTHER: no intervention,Xiangya Hospital of Central South University,PF-ILD,https://clinicaltrials.gov/study/NCT06987266
NCT07019714,Daoyin Technique for Improving Exercise Endurance in IPF,Clinical Research on the Improvement of Exercise Endurance in Idiopathic Pulmonary Fibrosis by Daoyin Technique,INTERVENTIONAL,NA,NOT_YET_RECRUITING,2025-06-30,2028-12-30,Idiopathic Pulmonary Fibrosis,BEHAVIORAL: Daoyin Technique; BEHAVIORAL: Routine Comprehensive Training,Affiliated Hospital of Liaoning University of Traditional Chinese Medicine,"""progressive pulmonary fibrosis""",https://clinicaltrials.gov/study/NCT07019714
NCT07080125,A Study Using a Disease Registry to Observe the Long-term Effects of Nintedanib in People With Scleroderma-related Lung Fibrosis,Non-interventional Post-authorization Effectiveness Study to Assess Long-term Outcomes of Nintedanib Treatment in Patients With Systemic Sclerosis Associated Interstitial Lung Disease (SSc-ILD),OBSERVATIONAL,,ACTIVE_NOT_RECRUITING,2025-06-17,2033-12-31,Interstitial Lung Diseases; Systemic Sclerosis Associated Interstitial Lung Disease,DRUG: Ofev®,Boehringer Ingelheim,PF-ILD,https://clinicaltrials.gov/study/NCT07080125
NCT07131150,Menstrual Blood-Derived Mesenchymal Stem Cell Injection (SC01009) in the Treatment of Idiopathic Pulmonary Fibrosis,"A Multicenter, Randomized, Double-Blind, Placebo-Controlled Phase II Clinical Study to Evaluate the Efficacy and Safety of Umbilical Cord Mesenchymal Stem Cell Injection (SC01009) in the Treatment of Idiopathic Pulmonary Fibrosis",INTERVENTIONAL,PHASE2,NOT_YET_RECRUITING,2025-08-31,2028-07-31,Idiopathic Pulmonary Fibrosis (IPF),BIOLOGICAL: SC01009 injection; BIOLOGICAL: Placebo Group(Vehicle),Ruijin Hospital,PF-ILD,https://clinicaltrials.gov/study/NCT07131150
NCT07138898,Immunosuppressant Management in Rheumatology Patients Undergoing Elective Total Shoulder Arthroplasty,Immunosuppressant Management in Rheumatology Patients Undergoing Elective Total Shoulder Arthroplasty,INTERVENTIONAL,PHASE2,RECRUITING,2025-12-12,2028-01,Rheumatic Disease,DRUG: Methotrexate; DRUG: Sulfasalazine; DRUG: Hydroxychloroquine; DRUG: Leflunomide; DRUG: Azathioprine; DRUG: Mycophenolate; DRUG: Cyclosporine; DRUG: Tacrolimus; DRUG: Etanercept; DRUG: Adalimumab; DRUG: Golimumab; DRUG: Certolizumab; DRUG: Infliximab; BIOLOGICAL: Rituximab; BIOLOGICAL: Belimumab; BIOLOGICAL: Tocilizumab; BIOLOGICAL: Anakinra; BIOLOGICAL: Canakinumab; BIOLOGICAL: Abatacept; BIOLOGICAL: Secukinumab; BIOLOGICAL: Ixekizumab; BIOLOGICAL: Bimekizumab; BIOLOGICAL: Ustekinumab; BIOLOGICAL: Guselkumab; BIOLOGICAL: Risankizumab; DRUG: Tofacitinib; DRUG: Upadacitinib,NYU Langone Health,PF-ILD,https://clinicaltrials.gov/study/NCT07138898
NCT07141810,Efficacy and Safety of Early Antifibrotic Therapy for Non-progressive Fibrotic Interstitial Lung Disease,Early Antifibrotic Therapy for f-ILD,INTERVENTIONAL,PHASE4,NOT_YET_RECRUITING,2025-10-01,2028-05-30,Fibrotic Interstitial Lung Disease,DRUG: Antifibrotic drugs (nidanib or pirfenidone),"Shanghai Pulmonary Hospital, Shanghai, China","""progressive fibrotic interstitial lung disease""",https://clinicaltrials.gov/study/NCT07141810
NCT07162870,Idiopathic Pulmonary Fibrosis Cohort of TCM,Idiopathic Pulmonary Fibrosis Cohort Studies of Chinese Medicine,OBSERVATIONAL,,NOT_YET_RECRUITING,2025-09-05,2028-11-30,Idiopathic Pulmonary Fibrosis (IPF),DRUG: Traditional Chinese medicine (TCM); DRUG: Non-traditional Chinese medicine (non-TCM),Henan University of Traditional Chinese Medicine,"""progressive pulmonary fibrosis""",https://clinicaltrials.gov/study/NCT07162870
NCT07178392,Disease-syndrome Characteristics of IPF,Research on the Disease-syndrome Characteristics of Idiopathic Pulmonary Fibrosis,OBSERVATIONAL,,NOT_YET_RECRUITING,2025-09-15,2028-11-30,Idiopathic Pulmonary Fibrosis (IPF),,Henan University of Traditional Chinese Medicine,"""progressive pulmonary fibrosis""",https://clinicaltrials.gov/study/NCT07178392
NCT07179380,Efficacy and Safety Study of Treprostinil Palmitil Inhalation Powder (TPIP) in Participants With Pulmonary Hypertension Associated With Interstitial Lung Disease (PH-ILD),"A Phase 3, Randomized, Double-blind, Placebo-controlled, Multicenter, Parallel Group Study to Evaluate the Efficacy and Safety of Treprostinil Palmitil Inhalation Powder in Participants With Pulmonary Hypertension Associated With Interstitial Lung Disease",INTERVENTIONAL,PHASE3,RECRUITING,2026-01-07,2028-12-30,Pulmonary Hypertension; Interstitial Lung Disease,DRUG: Treprostinil Palmitil Inhalation Powder; DRUG: Placebo,Insmed Incorporated,PF-ILD,https://clinicaltrials.gov/study/NCT07179380
NCT07181382,Efficacy and Safety of Seralutinib in Adult Subjects With Pulmonary Hypertension Associated With Interstitial Lung Disease (PH-ILD),"A Phase 3, Randomized, Double-Blind, Placebo-Controlled Study to Evaluate the Efficacy and Safety of Oral Inhalation of Seralutinib for the Treatment of Pulmonary Hypertension Associated With Interstitial Lung Disease (PH-ILD) Followed by a Long-Term Extension Evaluating Safety and Efficacy",INTERVENTIONAL,PHASE3,SUSPENDED,2026-02,2028-12,Pulmonary Hypertension Associated With Interstitial Lung Disease,DRUG: Placebo; DRUG: Seralutinib; DEVICE: Generic Dry Powder Inhaler,"GB002, Inc.",PF-ILD,https://clinicaltrials.gov/study/NCT07181382
NCT07222592,MOBoxy: MoblO2 to Maintain Oxygenation,MOBoxy: MoblO2 to Maintain Oxygenation,INTERVENTIONAL,NA,NOT_YET_RECRUITING,2025-12,2026-08,COPD; Interstitial Lung Disease,DEVICE: MoblO2 control,National Jewish Health,PF-ILD,https://clinicaltrials.gov/study/NCT07222592
NCT07230288,Study of ABBV-142 to Assess Adverse Events and Change in Disease Activity in Adult Participants With Idiopathic Pulmonary Fibrosis,A Phase 2a Multicenter Platform Study of Investigational Products for the Treatment of Adult Subjects With Idiopathic Pulmonary Fibrosis,INTERVENTIONAL,PHASE2,RECRUITING,2026-01-23,2029-09,Idiopathic Pulmonary Fibrosis,DRUG: ABBV-142; DRUG: Placebo for ABBV-142,AbbVie,PF-ILD,https://clinicaltrials.gov/study/NCT07230288
NCT07234032,An Open-Label Extension Study of Treprostinil Palmitil Inhalation Powder (TPIP) in Participants With Pulmonary Hypertension Associated With Interstitial Lung Disease (PH-ILD),A Long-term Open-Label Extension Study of Treprostinil Palmitil Inhalation Powder for Treatment of Pulmonary Hypertension Associated With Interstitial Lung Disease,INTERVENTIONAL,PHASE3,NOT_YET_RECRUITING,2026-06-05,2031-01-22,Pulmonary Hypertension; Interstitial Lung Disease,DRUG: Treprostinil Palmitil Inhalation Powder; DRUG: Placebo,Insmed Incorporated,PF-ILD,https://clinicaltrials.gov/study/NCT07234032
NCT07254338,Exploration of Metabolome in Patients With Interstitial Lung Disease and Pulmonary Hypertension With or Without Specific Pulmonary Hypertension Treatment,Blood and uRine Metabolomics Exploration for Assessing Thoracic Health After Treatment of Group 3 Pulmonary Hypertension,OBSERVATIONAL,,RECRUITING,2026-02-16,2029-08-16,Interstitial Lung Disease; Precapillar Pulmonary Hypertension,OTHER: Blood sampling for metabolomic profiling; OTHER: Urine sampling for metabolomic profiling,Hospices Civils de Lyon,"""progressive pulmonary fibrosis""",https://clinicaltrials.gov/study/NCT07254338
NCT07269262,SUPPORT-T in Patients With Progressive Pulmonary Fibrosis and Their Caregivers,"Feasibility and Acceptability of a Mobile Application ""SUPPORT-T"" to Increase Equitable Access to Palliative Care in Patients With Progressive Pulmonary Fibrosis (PPF) and Their Caregivers",INTERVENTIONAL,NA,RECRUITING,2026-01-13,2027-10-01,Progressive Pulmonary Fibrosis; Interstitial Lung Disease,OTHER: SUPPORT-T Educational Intervention,Medical University of South Carolina,"""progressive pulmonary fibrosis""",https://clinicaltrials.gov/study/NCT07269262
NCT07332117,A Pilot Study to Assess Body Mass Composition Measurement Using BIA and Muscle Ultrasound in IPF and PPF Patients on Anti-fibrotic Medications,A Pilot Study to Assess Body Mass Composition Measurement Using BIA and Muscle Ultrasound in IPF and PPF Patients on Anti-fibrotic Medications,OBSERVATIONAL,,RECRUITING,2025-09-09,2026-04,Idiopathic Pulmonary Fibrosis (IPF); Progressive Pulmonary Fibrosis,OTHER: No Interventions; OTHER: No intervention,Royal Brompton & Harefield NHS Foundation Trust,"""progressive pulmonary fibrosis""",https://clinicaltrials.gov/study/NCT07332117
NCT07373288,HOXB7 and Linked Tissue and Blood Biomarkers in the Lungs of Patients With Pulmonary Fibrosis,HOXB7 and Linked Tissue and Blood Biomarkers in the Lungs of Patients With Pulmonary Fibrosis,OBSERVATIONAL,,RECRUITING,2023-07-01,2030-07-01,"Fibrosis, Pulmonary",PROCEDURE: Biopsy,University of Modena and Reggio Emilia,PF-ILD,https://clinicaltrials.gov/study/NCT07373288
NCT07441408,Long-term Extension Study to Evaluate Safety and Tolerability of Admilparant in Participants With Pulmonary Fibrosis,"An Open-label, Multi-center, Long-term Extension Study to Evaluate the Long-term Safety and Tolerability of Admilparant in Participants With Pulmonary Fibrosis",INTERVENTIONAL,PHASE3,NOT_YET_RECRUITING,2026-12-16,2030-03-30,Pulmonary Fibrosis,DRUG: BMS-986278,Bristol-Myers Squibb,"""progressive pulmonary fibrosis""",https://clinicaltrials.gov/study/NCT07441408
NCT07466420,Study on the Efficacy of Quercetin Intake in Patients With Fibrotic Interstitial Lung Diseases.,"Study on the Efficacy of Quercetin Intake in Patients With Idiopathic Pulmonary Fibrosis and Non-Idiopathic Pulmonary Fibrosis. A Two-arm, Prospective Randomized Controlled Clinical Trial.",INTERVENTIONAL,NA,RECRUITING,2026-01-26,2029-01-31,Fibrotic Interstitial Lungs Diseases; Idiopathic Pulmonary Fibrosis (IPF); Progressive Pulmonary Fibrosis,DIETARY_SUPPLEMENT: Quercetin (dietary supplement); DRUG: Usual treatment,Katerina M. Antoniou,"""progressive pulmonary fibrosis""; PF-ILD",https://clinicaltrials.gov/study/NCT07466420
NCT07486206,Optimizing the Follow-Up Journey in Interstitial Lung Disease: The OPTIMIZE-ILD-2 Trial,"OPTIMIZE-ILD-2: A Randomized, Pragmatic, Parallel-Group Trial Evaluating the Impact of an Optimized Coordinated Follow-Up Circuit on Time Burden in Patients With Interstitial Lung Disease",INTERVENTIONAL,NA,RECRUITING,2026-03-09,2028-03-01,Interstitial Lung Disease (ILD); Fibrotic Interstitial Lung Disease; Idiopathic Pulmonary Fibrosis (IPF); Progressive Pulmonary Fibrosis; Interstitial Lung Disease Due to Connective Tissue Disease (Disorder),OTHER: Standard ILD Follow-Up Pathway; OTHER: Optimized One-Day ILD Follow-Up Circuit,Hospital de Granollers,"""progressive pulmonary fibrosis""",https://clinicaltrials.gov/study/NCT07486206
NCT07503587,Evaluating the Efficacy and Safety of of HSK44459 in People With Progressive Pulmonary Fibrosis,"A Randomised, Double-blind, Placebo-controlled Parallel Group Phase III Clinical Study Evaluating the Efficacy and Safety of HSK44459 Tablets in Subjects With Progressive Pulmonary Fibrosis",INTERVENTIONAL,PHASE3,NOT_YET_RECRUITING,2026-04-05,2029-03-01,Progressive Pulmonary Fibrosis,DRUG: HSK44459; DRUG: Placebo,"Haisco Pharmaceutical Group Co., Ltd.","""progressive pulmonary fibrosis""",https://clinicaltrials.gov/study/NCT07503587
NCT07516951,A Study to Find an Efficacious and Safe Dose of CHF10067 (Zampilimab) in Participants With Idiopathic Pulmonary Fibrosis,"A Phase IIb, Multicentre, Randomised, Double Blind, Placebo Controlled, Three-arm Parallel-group Study to Evaluate the Efficacy, Safety, and Tolerability at Week 24 of 2 Doses of CHF10067 (Zampilimab),in Participants With Idiopathic Pulmonary Fibrosis",INTERVENTIONAL,PHASE2,RECRUITING,2026-07-08,2028-02-12,Idiopathic Pulmonary Fibrosis,DRUG: CHF10067; DRUG: CHF10067; OTHER: Placebo,Chiesi Farmaceutici S.p.A.,"""progressive fibrosing interstitial lung disease""; ""progressive-fibrosing interstitial lung disease""; PF-ILD",https://clinicaltrials.gov/study/NCT07516951
NCT07520110,Metformin to Attenuate Progressive Respiratory Decline in Idiopathic Pulmonary Fibrosis,Metformin to Attenuate Progressive Respiratory Decline in Idiopathic Pulmonary Fibrosis (MAVRIC),INTERVENTIONAL,PHASE3,NOT_YET_RECRUITING,2026-08-01,2029-03-15,Idiopathic Pulmonary Fibrosis,DRUG: Metformin; DRUG: Matching Placebo,"University of Massachusetts, Worcester",PF-ILD,https://clinicaltrials.gov/study/NCT07520110
NCT07540988,FIBRONEER-ACT: A Study to Test Whether Nerandomilast Helps People With Fibrosing Interstitial Lung Disease at Risk for Disease Progression,"A Double-blind, Randomized, Placebo-controlled Trial Investigating the Efficacy and Safety of Nerandomilast Over at Least 52 Weeks in Patients With Fibrosing Interstitial Lung Disease at Risk for Disease Progression (FIBRONEER-ACT)",INTERVENTIONAL,PHASE3,NOT_YET_RECRUITING,2026-08-28,2028-12-12,Interstitial Lung Diseases,DRUG: Nerandomilast; DRUG: Placebo matching nerandomilast,Boehringer Ingelheim,"""progressive pulmonary fibrosis""",https://clinicaltrials.gov/study/NCT07540988
NCT07541638,Early Recognition of Progressive Lung Fibrosis in Systemic Rheumatic Diseases,"Early Recognition of Progressive Lung Fibrosis in Systemic Rheumatic Diseases: a Characterization of the Pulmonary Environment Through Extracellular Vesicles, Advanced and Functional Imaging",INTERVENTIONAL,NA,RECRUITING,2024-11-07,2026-12-31,Connective Tissue Diseases; Interstitial Lung Disease,OTHER: No experimental intervention (medication or device),Fondazione Policlinico Universitario Agostino Gemelli IRCCS,"""progressive fibrosing interstitial lung disease""; ""progressive-fibrosing interstitial lung disease""",https://clinicaltrials.gov/study/NCT07541638
NCT07548216,Efficacy of Osteopathic Manipulative Techniques With Progressive Pulmonary Fibrosis Patients,Efficacy of Selected Osteopathic Manipulative Techniques as a Conjunctive Therapy for Patients With Progressive Pulmonary Fibrosis,INTERVENTIONAL,NA,NOT_YET_RECRUITING,2026-05,2027-10,Osteopathic Manipulative Treatment,OTHER: osteopathic manipulative techniques; OTHER: conventional chest physiotherapy,Beni-Suef University,"""progressive pulmonary fibrosis""",https://clinicaltrials.gov/study/NCT07548216
NCT07570888,"This is a Trial Designed to Evaluate the Combination of Nerandomilast With Mycophenolate Across a Wide Variety of Pulmonary Fibrosis Subtypes, With the Aim of Providing Clinicians With Assurance That This is an Appropriate Therapeutic Combination.",Nerandomilast Added to Mycophenolate for Treatment of Pulmonary Fibrosis (NERAM-PF).,INTERVENTIONAL,PHASE4,NOT_YET_RECRUITING,2026-06,2027-07,Pulmonary Fibrosis; Interstitial Lung Disease (ILD),DRUG: Nerandomilast 18 mg - adult formulation,University of British Columbia,PF-ILD,https://clinicaltrials.gov/study/NCT07570888
NCT07572383,Advanced Imaging to Assess the Effect of Immunosuppression on Progressive Fibrosis,Advanced Imaging to Assess the Effect of Immunosuppression on Progressive Lung Fibrosis in Participants With Non-Idiopathic Pulmonary Fibrosis Interstitial Lung Disease,INTERVENTIONAL,PHASE2,RECRUITING,2026-05-14,2028-12-31,Interstitial Lung Disease; Pulmonary Fibrosis,DRUG: [68Ga]CBP8; DRUG: Gadoterate Meglumine,Peter Caravan,"""progressive fibrosing interstitial lung disease""; ""progressive-fibrosing interstitial lung disease""",https://clinicaltrials.gov/study/NCT07572383
NCT07577115,Occupational and Environmental Exposures Analysis in Interstitial Lung Diseases.,Occupational and Environmental Exposures Analysis in Interstitial Lung Diseases: a Prospective Observational Study.,OBSERVATIONAL,,ACTIVE_NOT_RECRUITING,2026-04-01,2034-12,"Interstitial Lung Disease Due to Systemic Disease (Disorder); Interstitial Lung Disease Due to Systemic Disease (Telomere Biology Disorder); Exposure Occupational; Occupational Exposure; Exposure to Household Air Pollution; Exposure to Chemical Pollution, Occupational; Exposure to Environmental Pollution; Idiopathic Pulmonary Fibrosis (IPF); Progressive Pulmonary Fibrosis; Hypersensitivity Pneumonitis; ILD Progression and Exposure to Indoor Environnemental Risk; ILD Progression and Exposure to Outdoor Polluants; ILD",OTHER: standard interview,Istituto Clinico Humanitas,"""progressive pulmonary fibrosis""",https://clinicaltrials.gov/study/NCT07577115
NCT07580053,Hereditary Influences on Pulmonary Fibrosis Trajectories,"An Observational, Prospective, Multicenter Study on Hereditary Influences on Pulmonary Fibrosis Trajectories",OBSERVATIONAL,,ACTIVE_NOT_RECRUITING,2026-04-01,2034-12,Interstitial Lung Disease Due to Systemic Disease (Telomere Biology Disorder); Idiopathic Pulmonary Fibrosis (IPF); Telomere Disease; Progressive Pulmonary Fibrosis; Familial Pulmonary Fibrosis,,Istituto Clinico Humanitas,"""progressive pulmonary fibrosis""",https://clinicaltrials.gov/study/NCT07580053
NCT07583589,Nintedanib With or Without Dextromethorphan in Patients With Idiopathic Pulmonary Fibrosis (IPF),"A Multicenter, Randomized, Double Blind, Placebo-controlled Clinical Study to Evaluate the Treatment of Nidanib With or Without Dextromethorphan in Idiopathic Pulmonary Fibrosis (IPF) Patients.",INTERVENTIONAL,PHASE2,NOT_YET_RECRUITING,2026-05-12,2027-06-01,Idiopathic Pulmonary Fibrosis (IPF),"DRUG: Nintedanib,Dextromethorphan; DRUG: Nintedanib,Placebo",First Affiliated Hospital of Wenzhou Medical University,PF-ILD,https://clinicaltrials.gov/study/NCT07583589
NCT07600021,A Phase II Study to Evaluate the Efficacy and Safety of SYH2059 Tablets in Adult Patients With Idiopathic Pulmonary Fibrosis,"A Multicenter, Randomized, Double-blind, Placebo-controlled Phase II Study to Evaluate the Efficacy and Safety of SYH2059 Tablets in Adult Patients With Idiopathic Pulmonary Fibrosis.",INTERVENTIONAL,PHASE2,NOT_YET_RECRUITING,2026-06-30,2027-12-30,Idiopathic Pulmonary Fibrosis,DRUG: SYH2059 Tablets; DRUG: Placebo,InnovStone Therapeutics Limited,PF-ILD,https://clinicaltrials.gov/study/NCT07600021
NCT07673237,Remote Evaluation and Surveillance of Patients With Interstitial Lung Disease: Transforming ILD Care Delivery With Remote Monitoring,Remote Evaluation and Surveillance of Patients With Interstitial Lung Disease: Transforming ILD Care Delivery With Remote Monitoring,INTERVENTIONAL,NA,NOT_YET_RECRUITING,2026-08-01,2028-08-01,Fibrotic Interstitial Lung Disease; IPF and PPF; Lung Fibrosis Interstitial,BEHAVIORAL: Home Monitoring in Patients with f-ILD,"University of California, San Francisco","""progressive pulmonary fibrosis""",https://clinicaltrials.gov/study/NCT07673237
NCT07683728,"A Prospective, Multi-Center Registry Study of Progressive Pulmonary Fibrosis (PPF) in China (PROFINA)","A Prospective, Multi-Center Registry Study of Progressive Pulmonary Fibrosis (PPF) in China (PROFINA)",OBSERVATIONAL,,RECRUITING,2025-09-23,2029-10-31,Progressive Pulmonary Fibrosis,,Zuojun Xu,"""progressive pulmonary fibrosis""",https://clinicaltrials.gov/study/NCT07683728
NCT07687459,Study Evaluation Rentosertib (INS018_055) Administered Orally in Patients With Idiopathic Pulmonary Fibrosis (IPF),"A Prospective Phase 3, Randomized, Double-blind, Placebo-controlled, Parallel-group Study Evaluating the Efficacy and Safety of Rentosertib (INS018_055) Administered Orally Over 52 Weeks in Patients With Idiopathic Pulmonary Fibrosis (IPF)",INTERVENTIONAL,PHASE3,NOT_YET_RECRUITING,2026-08-30,2029-10-30,Idiopathic Pulmonary Fibrosis,DRUG: INS018_055 tablets; DRUG: Placebo,InSilico Medicine Hong Kong Limited,PF-ILD,https://clinicaltrials.gov/study/NCT07687459
NCT07704567,MoblO2 to Maintain Oxygenation,MOBoxy: MoblO2 to Maintain Oxygenation,INTERVENTIONAL,NA,RECRUITING,2026-07-09,2027-08-01,COPD (Chronic Obstructive Pulmonary Disease); Intersitital Lung Disease,OTHER: MoblO2 controls O2 flow; OTHER: MoblO2 does not control flow,Minnesota HealthSolutions,PF-ILD,https://clinicaltrials.gov/study/NCT07704567
NCT07719023,A Phase 3 Study of Efficacy and Safety of AK3280 in Patients With Idiopathic Pulmonary Fibrosis,"A Multicenter, Randomized, Double-Blind, Placebo-Controlled and Open-Label Active-Controlled Phase III Clinical Study to Evaluate the Efficacy and Safety of AK3280 in Patients With Idiopathic Pulmonary Fibrosis (IPF)",INTERVENTIONAL,PHASE3,NOT_YET_RECRUITING,2026-08-31,2029-03-31,Idiopathic Pulmonary Fibrosis (IPF),DRUG: AK3280; DRUG: Placebo; DRUG: Pirfenidone,"Shanghai Ark Biopharmaceutical Co., Ltd.","""progressive fibrosing interstitial lung disease""; ""progressive-fibrosing interstitial lung disease""; PF-ILD",https://clinicaltrials.gov/study/NCT07719023
NCT07722507,Antifibrotic Therapy Decision-Making in Pulmonary Fibrosis,Understanding Pulmonary Fibrosis Through Web-Based Qualitative In-Depth Interviews on Antifibrotic TheRapy Decision-Making,OBSERVATIONAL,,NOT_YET_RECRUITING,2026-08-01,2027-05-31,Pulmonary Fibrosis; Idiopathic Pulmonary Fibrosis; Progressive Pulmonary Fibrosis,DRUG: Antifibrotic therapy,Bristol-Myers Squibb,"""progressive pulmonary fibrosis""; PF-ILD",https://clinicaltrials.gov/study/NCT07722507
NCT07723872,Finger Versus Earlobe Pulse Oximetry During the 6-Minute Walk Test in Interstitial Lung Disease,"A Prospective, Multicenter, Observational Method-Comparison Study of Finger Versus Earlobe Pulse Oximetry for Oxygen Saturation During the Six-Minute Walk Test in Patients With Interstitial Lung Disease (OXISITE-ILD)",OBSERVATIONAL,,RECRUITING,2026-01-13,2027-12-31,Interstitial Lung Disease (ILD); Idiopathic Pulmonary Fibrosis (IPF); Progressive Pulmonary Fibrosis; Connective Tissue Disease-Associated Interstitial Lung Disease; Interstitial Lung Disease Due to Connective Tissue Disease (Disorder),OTHER: Dual-site pulse oximetry (finger and earlobe),Hospital de Granollers,"""progressive pulmonary fibrosis""",https://clinicaltrials.gov/study/NCT07723872
